-- INSERT INTO public.certification(
-- 	id, "certificationType", created_at, updated_at)
-- 	VALUES 
-- 	  (1, 'LEED', now(), now()),
--     (2, 'BREEAM', now(), now()),
--     (3, 'TRUE', now(), now()),
--     (4, 'Green_Globes', now(), now()),
--     (5, 'LBC', now(), now()),
--     (6, 'Energy_Star', now(), now()),
--     (7, 'Fitwell', now(), now());

    INSERT INTO public.certification(
	id, "certificationType", created_at, updated_at)
	VALUES 
	  (1, 'Certified', now(), now()),
    (2, 'Silver', now(), now()),
    (3, 'Gold', now(), now()),
    (4, 'Platinum', now(), now());

INSERT INTO public."rating_system"(
    id, "rating_system", created_at, updated_at)
VALUES 
    (1, 'LEED BD+C: New Construction', now(), now()),
    (2, 'LEED BD+C: Core and Shell', now(), now()),
    (3, 'LEED BD+C: Schools', now(), now()),
    (4, 'LEED BD+C: Retail', now(), now()),
    (5, 'LEED BD+C: Healthcare', now(), now()),
    (6, 'LEED BD+C: Data Centers', now(), now());

   

INSERT INTO public.credit_category(
    id, credit_category, created_at, updated_at)
VALUES 
    (1, 'Integrative Process', now(), now()),
    (2, 'Location and Transportation', now(), now()),
    (3, 'Sustainable Sites', now(), now()),
    (4, 'Water Efficiency', now(), now()),
    (5, 'Energy and Atmosphere', now(), now()),
    (6, 'Materials and Resources', now(), now()),
    (7, 'Indoor Environmental Quality', now(), now()),
    (8, 'Innovation', now(), now()),
    (9, 'Regional Priority', now(), now());

INSERT INTO public.credit(
	id, "creditType", created_at, updated_at, "creditCategoryId", "ratingSystemId")
	VALUES 
	(1, 'Integrative Process', now(), now(), 1,1),
  (2, 'LEED for Neighborhood Development Location', now(), now(), 2,1),
	(3, 'Sensitive Land Protection', now(), now(), 2,1),
	(4, 'High Priority Site and Equitable Development', now(), now(),2 ,1),
	(5, 'Surrounding Density and Diverse Uses', now(), now(), 2,1),
	(6, 'Access to Quality Transit', now(), now(), 2,1),
  (7, 'Bicycle Facilities', now(), now(), 2,1),
  (8, 'Reduced Parking Footprint', now(), now(), 2,1),
	(9, 'Electric Vehicles', now(), now(), 2,1),
	(10,'Construction Activity Pollution Prevention (Prerequisite)', now(), now(),3 ,1),
	(11, 'Site Assessment', now(), now(), 3,1),
	(12, 'Protect or Restore Habitat', now(), now(),3,1 ),
	(13, 'Open Space', now(), now(), 3,1),
  (14, 'Rainwater Management', now(), now(),3 ,1),
	(15, 'Heat Island Reduction', now(), now(), 3,1),
	(16, 'Light Pollution Reduction', now(), now(),3 ,1),
	(17, 'Outdoor Water Use Reduction (Prerequisite)', now(), now(), 4,1),
  (19, 'Indoor Water Use Reduction (Prerequisite)', now(), now(), 4,1),
  (20, 'Building-Level Water Metering (Prerequisite)', now(), now(), 4,1),
  (21, 'Outdoor Water Use Reduction', now(), now(), 4,1),
  (22, 'Indoor Water Use Reduction', now(), now(), 4,1),
  (23, 'Optimize Process Water Use', now(), now(), 4,1),
  (24, 'Water Metering', now(), now(), 4,1),
  (25, 'Fundamental Commissioning and Verification (Prerequisite)', now(), now(), 5,1),
  (26, 'Minimum Energy Performance (Prerequisite)', now(), now(), 5,1),
  (27, 'Building-Level Energy Metering (Prerequisite)', now(), now(), 5,1),
  (28, 'Fundamental Refrigerant Management (Prerequisite)', now(), now(), 5,1),
  (29, 'Enhanced Commissioning', now(), now(), 5,1),
  (30, 'Optimize Energy Performance', now(), now(), 5,1),
  (31, 'Advanced Energy Metering', now(), now(), 5,1),
  (32, 'Grid Harmonization', now(), now(), 5,1),
  (33, 'Renewable Energy', now(), now(), 5,1),
  (34, 'Enhanced  Refrigerant Management', now(), now(), 5,1),
  (35, 'Storage and Collection of Recyclables (Prerequisite)', now(), now(), 6,1),
  (36, 'Building Life-Cycle Impact Reduction', now(), now(), 6,1),
  (37, 'Environmental Product Declarations', now(), now(), 6,1),
  (38, 'Sourcing of Raw Materials', now(), now(), 6,1),
  (39, 'Material Ingredients', now(), now(), 6,1),
  (40, 'Construction and Demolition Waste management', now(), now(), 6,1),
  (41, 'Minimum Indoor Air Quality Performance (Prerequisite)', now(), now(), 7,1),
  (42, 'Environmental Tobacco Smoke Control (Prerequisite)', now(), now(), 7,1),
  (43, 'Enhanced Indoor Air Quality Strategies', now(), now(), 7,1),
  (44, 'Low-Emitting Materials', now(), now(), 7,1),
  (45, 'Construction Indoor Air Quality Management Plan', now(), now(), 7,1),
  (46, 'Indoor Air Quality Assessment', now(), now(), 7,1),
  (47, 'Thermal Comfort', now(), now(), 7,1),
  (48, 'Interior Lighting', now(), now(), 7,1),
  (49, 'Daylight', now(), now(), 7,1),
  (50, 'Quality Views', now(), now(), 7,1),
  (51, 'Acoustic Performance', now(), now(), 7,1),
  (52, 'Innovation', now(), now(), 8,1),
  (53, 'LEED Accredited Professional', now(), now(), 8,1),
  (54, 'Regional Priority', now(), now(), 9,1),

  (55, 'Integrative Process', now(), now(), 1,2),
  (56, 'LEED for Neighborhood Development Location', now(), now(), 2,2),
  (57, 'Sensitive Land Protection', now(), now(), 2,2),
  (58, 'High Priority Site and Equitable Development', now(), now(), 2,2),
  (59, 'Surrounding Density and Diverse Uses', now(), now(), 2,2),
  (60, 'Access to Quality Transit', now(), now(), 2,2),
  (61, 'Bicycle Facilities', now(), now(), 2,2),
  (62, 'Reduced Parking Footprint', now(), now(), 2,2),
  (63, 'Electric Vehicles', now(), now(), 2,2),
  (64, 'Construction Activity Pollution Prevention (Prerequisite)', now(), now(), 3,2),
  (65, 'Site Assessment', now(), now(), 3,2),
  (66, 'Protect or Restore Habitat', now(), now(), 3,2),
  (67, 'Open Space', now(), now(), 3,2),
  (68, 'Rainwater Management', now(), now(), 3,2),
  (69, 'Heat Island Reduction', now(), now(), 3,2),
  (70, 'Light Pollution Reduction', now(), now(), 3,2),
  (71, 'Outdoor Water Use Reduction (Prerequisite)', now(), now(), 4,2),
  (72, 'Indoor Water Use Reduction (Prerequisite)', now(), now(), 4,2),
  (73, 'Building-Level Water Metering (Prerequisite)', now(), now(), 4,2),
  (74, 'Outdoor Water Use Reduction', now(), now(), 4,2),
  (75, 'Indoor Water Use Reduction', now(), now(), 4,2),
  (76, 'Optimize Process Water Use', now(), now(), 4,2),
  (77, 'Water Metering', now(), now(), 4,2),
  (78, 'Fundamental Commissioning and Verification (Prerequisite)', now(), now(), 5,2),
  (79, 'Minimum Energy Performance (Prerequisite)', now(), now(), 5,2),
  (80, 'Building-Level Energy Metering (Prerequisite)', now(), now(), 5,2),
  (81, 'Fundamental Refrigerant Management (Prerequisite)', now(), now(), 5,2),
  (82, 'Enhanced Commissioning', now(), now(), 5,2),
  (83, 'Optimize Energy Performance', now(), now(), 5,2),
  (84, 'Advanced Energy Metering', now(), now(), 5,2),
  (85, 'Grid Harmonization', now(), now(), 5,2),
  (86, 'Renewable Energy', now(), now(), 5,2),
  (87, 'Enhanced Refrigerant Management', now(), now(), 5,2),
  (88, 'Storage and Collection of Recyclables (Prerequisite)', now(), now(), 6,2),
  (89, 'Building Life-Cycle Impact Reduction', now(), now(), 6,2),
  (90, 'Environmental Product Declarations', now(), now(), 6,2),
  (91, 'Sourcing of Raw Materials', now(), now(), 6,2),
  (92, 'Material Ingredients', now(), now(), 6,2),
  (93, 'Construction and Demolition Waste management', now(), now(), 6,2),
  (94, 'Minimum Indoor Air Quality Performance (Prerequisite)', now(), now(), 7,2),
  (95, 'Environmental Tobacco Smoke Control (Prerequisite)', now(), now(), 7,2),
  (96, 'Enhanced Indoor Air Quality Strategies', now(), now(), 7,2),
  (97, 'Low-Emitting Materials', now(), now(), 7,2),
  (98, 'Construction Indoor Air Quality Management Plan', now(), now(), 7,2),
  (99, 'Indoor Air Quality Assessment', now(), now(), 7,2),
  (100, 'Thermal Comfort', now(), now(), 7,2),
  (101, 'Interior Lighting', now(), now(), 7,2),
  (102, 'Daylight', now(), now(), 7,2),
  (103, 'Quality Views', now(), now(), 7,2),
  (105, 'Innovation', now(), now(), 8,2),
  (106, 'LEED Accredited Professional', now(), now(), 8,2),
  (107, 'Regional Priority', now(), now(), 9,2),
  (108, 'Tenant Design and Construction Guidelines', now(), now(),3,2),

  (109, 'Integrative Process', now(), now(), 1, 3),
  (110, 'LEED for Neighborhood Development Location', now(), now(), 2, 3),
  (111, 'Sensitive Land Protection', now(), now(), 2, 3),
  (112, 'High Priority Site and Equitable Development', now(), now(), 2, 3),
  (113, 'Surrounding Density and Diverse Uses', now(), now(), 2, 3),
  (114, 'Access to Quality Transit', now(), now(), 2, 3),
  (115, 'Bicycle Facilities', now(), now(), 2, 3),
  (116, 'Reduced Parking Footprint', now(), now(), 2, 3),
  (117, 'Electric Vehicles', now(), now(), 2, 3),
  (118, 'Construction Activity Pollution Prevention (Prerequisite)', now(), now(), 3, 3),
  (119, 'Site Assessment', now(), now(), 3, 3),
  (120, 'Protect or Restore Habitat', now(), now(), 3, 3),
  (121, 'Open Space', now(), now(), 3, 3),
  (122, 'Rainwater Management', now(), now(), 3, 3),
  (123, 'Heat Island Reduction', now(), now(), 3, 3),
  (124, 'Light Pollution Reduction', now(), now(), 3, 3),
  (125, 'Outdoor Water Use Reduction (Prerequisite)', now(), now(), 4, 3),
  (126, 'Indoor Water Use Reduction (Prerequisite)', now(), now(), 4, 3),
  (127, 'Building-Level Water Metering (Prerequisite)', now(), now(), 4, 3),
  (128, 'Outdoor Water Use Reduction', now(), now(), 4, 3),
  (129, 'Indoor Water Use Reduction', now(), now(), 4, 3),
  (130, 'Optimize Process Water Use', now(), now(), 4, 3),
  (131, 'Water Metering', now(), now(), 4, 3),
  (132, 'Fundamental Commissioning and Verification (Prerequisite)', now(), now(), 5, 3),
  (133, 'Minimum Energy Performance (Prerequisite)', now(), now(), 5, 3),
  (134, 'Building-Level Energy Metering (Prerequisite)', now(), now(), 5, 3),
  (135, 'Fundamental Refrigerant Management (Prerequisite)', now(), now(), 5, 3),
  (136, 'Enhanced Commissioning', now(), now(), 5, 3),
  (137, 'Optimize Energy Performance', now(), now(), 5, 3),
  (138, 'Advanced Energy Metering', now(), now(), 5, 3),
  (139, 'Grid Harmonization', now(), now(), 5, 3),
  (140, 'Renewable Energy', now(), now(), 5, 3),
  (141, 'Enhanced Refrigerant Management', now(), now(), 5, 3),
  (142, 'Storage and Collection of Recyclables (Prerequisite)', now(), now(), 6, 3),
  (143, 'Building Life-Cycle Impact Reduction', now(), now(), 6, 3),
  (144, 'Environmental Product Declarations', now(), now(), 6, 3),
  (145, 'Sourcing of Raw Materials', now(), now(), 6, 3),
  (146, 'Material Ingredients', now(), now(), 6, 3),
  (147, 'Construction and Demolition Waste management', now(), now(), 6, 3),
  (148, 'Minimum Indoor Air Quality Performance (Prerequisite)', now(), now(), 7, 3),
  (149, 'Environmental Tobacco Smoke Control (Prerequisite)', now(), now(), 7, 3),
  (150, 'Enhanced Indoor Air Quality Strategies', now(), now(), 7, 3),
  (151, 'Low-Emitting Materials', now(), now(), 7, 3),
  (152, 'Construction Indoor Air Quality Management Plan', now(), now(), 7, 3),
  (153, 'Indoor Air Quality Assessment', now(), now(), 7, 3),
  (154, 'Thermal Comfort', now(), now(), 7, 3),
  (155, 'Interior Lighting', now(), now(), 7, 3),
  (156, 'Daylight', now(), now(), 7, 3),
  (157, 'Quality Views', now(), now(), 7, 3),
  (158, 'Innovation', now(), now(), 8, 3),
  (159, 'LEED Accredited Professional', now(), now(), 8, 3),
  (160, 'Regional Priority', now(), now(), 9, 3),
  (162,'Environmental Site Assessment (Prerequisite)', now(), now(),3 ,3),
  (163,'Site Master Plan', now(), now(),3 ,3),
  (164,'Joint Use of Facilities', now(), now(),3 ,3),
  (165,'Minimum Acoustic Performance (Prerequisite)', now(), now(),7,3 ),

  (166, 'Integrative Process', now(), now(), 1, 4),
  (167, 'LEED for Neighborhood Development Location', now(), now(), 2, 4),
  (168, 'Sensitive Land Protection', now(), now(), 2, 4),
  (169, 'High Priority Site and Equitable Development', now(), now(), 2, 4),
  (170, 'Surrounding Density and Diverse Uses', now(), now(), 2, 4),
  (171, 'Access to Quality Transit', now(), now(), 2, 4),
  (172, 'Bicycle Facilities', now(), now(), 2, 4),
  (173, 'Reduced Parking Footprint', now(), now(), 2, 4),
  (174, 'Electric Vehicles', now(), now(), 2, 4),
  (175, 'Construction Activity Pollution Prevention (Prerequisite)', now(), now(), 3, 4),
  (176, 'Site Assessment', now(), now(), 3, 4),
  (177, 'Protect or Restore Habitat', now(), now(), 3, 4),
  (178, 'Open Space', now(), now(), 3, 4),
  (179, 'Rainwater Management', now(), now(), 3, 4),
  (180, 'Heat Island Reduction', now(), now(), 3, 4),
  (181, 'Light Pollution Reduction', now(), now(), 3, 4),
  (182, 'Outdoor Water Use Reduction (Prerequisite)', now(), now(), 4, 4),
  (183, 'Indoor Water Use Reduction (Prerequisite)', now(), now(), 4, 4),
  (184, 'Building-Level Water Metering (Prerequisite)', now(), now(), 4, 4),
  (185, 'Outdoor Water Use Reduction', now(), now(), 4, 4),
  (186, 'Indoor Water Use Reduction', now(), now(), 4, 4),
  (187, 'Optimize Process Water Use', now(), now(), 4, 4),
  (188, 'Water Metering', now(), now(), 4, 4),
  (189, 'Fundamental Commissioning and Verification (Prerequisite)', now(), now(), 5, 4),
  (190, 'Minimum Energy Performance (Prerequisite)', now(), now(), 5, 4),
  (191, 'Building-Level Energy Metering (Prerequisite)', now(), now(), 5, 4),
  (192, 'Fundamental Refrigerant Management (Prerequisite)', now(), now(), 5, 4),
  (193, 'Enhanced Commissioning', now(), now(), 5, 4),
  (194, 'Optimize Energy Performance', now(), now(), 5, 4),
  (195, 'Advanced Energy Metering', now(), now(), 5, 4),
  (196, 'Grid Harmonization', now(), now(), 5, 4),
  (197, 'Renewable Energy', now(), now(), 5, 4),
  (198, 'Enhanced Refrigerant Management', now(), now(), 5, 4),
  (199, 'Storage and Collection of Recyclables (Prerequisite)', now(), now(), 6, 4),
  (200, 'Building Life-Cycle Impact Reduction', now(), now(), 6, 4),
  (201, 'Environmental Product Declarations', now(), now(), 6, 4),
  (202, 'Sourcing of Raw Materials', now(), now(), 6, 4),
  (203, 'Material Ingredients', now(), now(), 6, 4),
  (204, 'Construction and Demolition Waste management', now(), now(), 6, 4),
  (205, 'Minimum Indoor Air Quality Performance (Prerequisite)', now(), now(), 7, 4),
  (206, 'Environmental Tobacco Smoke Control (Prerequisite)', now(), now(), 7, 4),
  (207, 'Enhanced Indoor Air Quality Strategies', now(), now(), 7, 4),
  (208, 'Low-Emitting Materials', now(), now(), 7, 4),
  (209, 'Construction Indoor Air Quality Management Plan', now(), now(), 7, 4),
  (210, 'Indoor Air Quality Assessment', now(), now(), 7, 4),
  (211, 'Thermal Comfort', now(), now(), 7, 4),
  (212, 'Interior Lighting', now(), now(), 7, 4),
  (213, 'Daylight', now(), now(), 7, 4),
  (214, 'Quality Views', now(), now(), 7, 4),
  (215, 'Innovation', now(), now(), 8, 4),
  (216, 'LEED Accredited Professional', now(), now(), 8, 4),
  (217, 'Regional Priority', now(), now(), 9, 4),

  (218, 'Integrative Process', now(), now(), 1, 5),
  (219, 'LEED for Neighborhood Development Location', now(), now(), 2, 5),
  (220, 'Sensitive Land Protection', now(), now(), 2, 5),
  (221, 'High Priority Site and Equitable Development', now(), now(), 2, 5),
  (222, 'Surrounding Density and Diverse Uses', now(), now(), 2, 5),
  (223, 'Access to Quality Transit', now(), now(), 2, 5),
  (224, 'Bicycle Facilities', now(), now(), 2, 5),
  (225, 'Reduced Parking Footprint', now(), now(), 2, 5),
  (226, 'Electric Vehicles', now(), now(), 2, 5),
  (227, 'Construction Activity Pollution Prevention (Prerequisite)', now(), now(), 3, 5),
  (228, 'Site Assessment', now(), now(), 3, 5),
  (229, 'Protect or Restore Habitat', now(), now(), 3, 5),
  (230, 'Open Space', now(), now(), 3, 5),
  (231, 'Rainwater Management', now(), now(), 3, 5),
  (232, 'Heat Island Reduction', now(), now(), 3, 5),
  (233, 'Light Pollution Reduction', now(), now(), 3, 5),
  (234, 'Outdoor Water Use Reduction (Prerequisite)', now(), now(), 4, 5),
  (235, 'Indoor Water Use Reduction (Prerequisite)', now(), now(), 4, 5),
  (236, 'Building-Level Water Metering (Prerequisite)', now(), now(), 4, 5),
  (237, 'Outdoor Water Use Reduction', now(), now(), 4, 5),
  (238, 'Indoor Water Use Reduction', now(), now(), 4, 5),
  (239, 'Optimize Process Water Use', now(), now(), 4, 5),
  (240, 'Water Metering', now(), now(), 4, 5),
  (241, 'Fundamental Commissioning and Verification (Prerequisite)', now(), now(), 5, 5),
  (242, 'Minimum Energy Performance (Prerequisite)', now(), now(), 5, 5),
  (243, 'Building-Level Energy Metering (Prerequisite)', now(), now(), 5, 5),
  (244, 'Fundamental Refrigerant Management (Prerequisite)', now(), now(), 5, 5),
  (245, 'Enhanced Commissioning', now(), now(), 5, 5),
  (246, 'Optimize Energy Performance', now(), now(), 5, 5),
  (247, 'Advanced Energy Metering', now(), now(), 5, 5),
  (248, 'Grid Harmonization', now(), now(), 5, 5),
  (249, 'Renewable Energy', now(), now(), 5, 5),
  (250, 'Enhanced Refrigerant Management', now(), now(), 5, 5),
  (251, 'Storage and Collection of Recyclables (Prerequisite)', now(), now(), 6, 5),
  (252, 'Building Life-Cycle Impact Reduction', now(), now(), 6, 5),
  (253, 'Environmental Product Declarations', now(), now(), 6, 5),
  (254, 'Sourcing of Raw Materials', now(), now(), 6, 5),
  (255, 'Material Ingredients', now(), now(), 6, 5),
  (256, 'Construction and Demolition Waste management', now(), now(), 6, 5),
  (257, 'Minimum Indoor Air Quality Performance (Prerequisite)', now(), now(), 7, 5),
  (258, 'Environmental Tobacco Smoke Control (Prerequisite)', now(), now(), 7, 5),
  (259, 'Enhanced Indoor Air Quality Strategies', now(), now(), 7, 5),
  (260, 'Low-Emitting Materials', now(), now(), 7, 5),
  (261, 'Construction Indoor Air Quality Management Plan', now(), now(), 7, 5),
  (262, 'Indoor Air Quality Assessment', now(), now(), 7, 5),
  (263, 'Thermal Comfort', now(), now(), 7, 5),
  (264, 'Interior Lighting', now(), now(), 7, 5),
  (265, 'Daylight', now(), now(), 7, 5),
  (266, 'Quality Views', now(), now(), 7, 5),
  (267, 'Innovation', now(), now(), 8, 5),
  (268, 'LEED Accredited Professional', now(), now(),8,5),
  (269, 'Regional Priority', now(), now(), 9, 5),
  (270,'Environmental Site Assessment (Prerequisite)', now(), now(),3 ,5),
  (271,'PBT Source Reduction - Mercury (Prerequisite)', now(), now(),6 ,5),
  (272,'PBT Source Reduction - Mercury', now(), now(),6,5 ),
  (273,'PBT Source Reduction - Lead, Cadmium, and Copper', now(), now(),6,5 ),
  (274,'Furniture and Medical Furnishings', now(), now(),6 ,5),
  (275,'Design for Flexibility', now(), now(),6,5 ),
  (276,'Integrative project planning and design (prerequisite)', now(), now(), 1, 5),
  (337,'Acoustic Performance', now(), now(), 1, 5),

  (336, 'Integrative Process', now(), now(), 1, 6),
  (277, 'LEED for Neighborhood Development Location', now(), now(), 2, 6),
  (278, 'Sensitive Land Protection', now(), now(), 2, 6),
  (279, 'High Priority Site and Equitable Development', now(), now(), 2, 6),
  (280, 'Surrounding Density and Diverse Uses', now(), now(), 2, 6),
  (281, 'Access to Quality Transit', now(), now(), 2, 6),
  (282, 'Bicycle Facilities', now(), now(), 2, 6),
  (283, 'Reduced Parking Footprint', now(), now(), 2, 6),
  (284, 'Electric Vehicles', now(), now(), 2, 6),
  (285, 'Construction Activity Pollution Prevention (Prerequisite)', now(), now(), 3, 6),
  (286, 'Site Assessment', now(), now(), 3, 6),
  (287, 'Protect or Restore Habitat', now(), now(), 3, 6),
  (288, 'Open Space', now(), now(), 3, 6),
  (289, 'Rainwater Management', now(), now(), 3, 6),
  (290, 'Heat Island Reduction', now(), now(), 3, 6),
  (291, 'Light Pollution Reduction', now(), now(), 3, 6),
  (292, 'Outdoor Water Use Reduction (Prerequisite)', now(), now(), 4, 6),
  (293, 'Indoor Water Use Reduction (Prerequisite)', now(), now(), 4, 6),
  (294, 'Building-Level Water Metering (Prerequisite)', now(), now(), 4, 6),
  (295, 'Outdoor Water Use Reduction', now(), now(), 4, 6),
  (296, 'Indoor Water Use Reduction', now(), now(), 4, 6),
  (297, 'Optimize Process Water Use', now(), now(), 4, 6),
  (298, 'Water Metering', now(), now(), 4, 6),
  (299, 'Fundamental Commissioning and Verification (Prerequisite)', now(), now(), 5, 6),
  (300, 'Minimum Energy Performance (Prerequisite)', now(), now(), 5, 6),
  (301, 'Building-Level Energy Metering (Prerequisite)', now(), now(), 5, 6),
  (302, 'Fundamental Refrigerant Management (Prerequisite)', now(), now(), 5, 6),
  (303, 'Enhanced Commissioning', now(), now(), 5, 6),
  (304, 'Optimize Energy Performance', now(), now(), 5, 6),
  (305, 'Advanced Energy Metering', now(), now(), 5, 6),
  (306, 'Grid Harmonization', now(), now(), 5, 6),
  (307, 'Renewable Energy', now(), now(), 5, 6),
  (308, 'Enhanced Refrigerant Management', now(), now(), 5, 6),
  (309, 'Storage and Collection of Recyclables (Prerequisite)', now(), now(), 6, 6),
  (310, 'Building Life-Cycle Impact Reduction', now(), now(), 6, 6),
  (311, 'Environmental Product Declarations', now(), now(), 6, 6),
  (312, 'Sourcing of Raw Materials', now(), now(), 6, 6),
  (313, 'Material Ingredients', now(), now(), 6, 6),
  (314, 'Construction and Demolition Waste management', now(), now(), 6, 6),
  (315, 'Minimum Indoor Air Quality Performance (Prerequisite)', now(), now(), 7, 6),
  (316, 'Environmental Tobacco Smoke Control (Prerequisite)', now(), now(), 7, 6),
  (317, 'Enhanced Indoor Air Quality Strategies', now(), now(), 7, 6),
  (318, 'Low-Emitting Materials', now(), now(), 7, 6),
  (319, 'Construction Indoor Air Quality Management Plan', now(), now(), 7, 6),
  (320, 'Indoor Air Quality Assessment', now(), now(), 7, 6),
  (321, 'Thermal Comfort', now(), now(), 7, 6),
  (322, 'Interior Lighting', now(), now(), 7, 6),
  (323, 'Daylight', now(), now(), 7, 6),
  (324, 'Quality Views', now(), now(), 7, 6),
  (325, 'Innovation', now(), now(), 8, 6),
  (326, 'LEED Accredited Professional', now(), now(), 8, 6),
  (327, 'Regional Priority', now(), now(), 9, 6),
  (334, 'Acoustic Performance', now(), now(), 7,6),
  (335,'Acoustic Performance', now(), now(),7,3);

  INSERT INTO public.option(
    id, "option", created_at, updated_at, "creditId")
VALUES 
    (1, 'Previously Developed Land', now(), now(), 3),
    (2, 'Avoidance of Sensitive Land', now(), now(),3),
    (3, 'High Priority Site - Economically Disadvantaged Community Location', now(), now(), 4),
    (4, 'High Priority Site - Brownfield Remediation', now(), now(), 4),
    (5, 'Equitable Development - Equity & Community Benefits', now(), now(), 4),
    (6, 'Affordable Housing in Residential or Mixed-Use Projects', now(), now(), 4),
    (7, 'Surrounding Density', now(), now(), 5),
    (8, 'Diverse Uses', now(), now(), 5),
    (9, 'Walkable Location', now(), now(), 5),
    (10, 'Access to Public Transit Service', now(), now(), 6),
    (11, 'Access to Project sponsored Transit Service', now(), now(), 6),
    (12, 'Bicycle Network - Bicycle Storage and Shower Rooms', now(), now(), 7),
    (13, 'No Parking or Reduce Parking', now(), now(), 8),
    (14, 'Carshare', now(), now(),8 ),
    (15, 'Unbundled Parking', now(), now(),8 ),
    (16, 'Electric Vehicle Supply Equipment', now(), now(), 9),
    (17, 'Electric Vehicle Ready Infrastructure', now(), now(), 9),
    (18, 'Percentile of Rainfall Events', now(), now(), 14),
    (19, 'Natural Land Cover Condition', now(), now(),14),
    (20, 'Nonroof and Roof', now(), now(),15 ),
    (21, 'Parking Under Cover', now(), now(),15 ),
    (22, 'Uplight BUG Rating Method', now(), now(), 16),
    (23, 'Uplight Calculation Method', now(), now(), 16),
    (24, 'Light Trespass BUG Rating', now(), now(), 16),
    (25, 'Light Trespass Calculation Method', now(), now(),16 ),
    (26, 'No Irrigation Required', now(), now(),17 ),
    (27, 'Reduced Irrigation', now(), now(),17),
    (28, 'Prescriptive', now(), now(), 19),
    (29, 'Usage-based Calculation', now(), now(), 19),
    (30, 'Building Water Use', now(), now(), 20),
    (31, 'No Irrigation Required', now(), now(), 21),
    (32, 'Reduced Irrigation', now(), now(), 21),
    (33, 'Further reduce fixture and fitting water use', now(), now(), 22),
    (34, 'Cooling Tower and Evaporative Condenser Cycles of Concentration', now(), now(), 23),
    (35, 'Optimize Water Use for Cooling', now(), now(), 23),
    (36, 'Process Water Use', now(), now(), 23),
    (37, 'Enhanced Systems Commissioning - Enhanced Commissioning', now(), now(), 29),
    (38, 'Enhanced Systems Commissioning - Enhanced and Monitoring Based Commissioning', now(), now(),29 ),
    (39, 'Building Enclosure', now(), now(), 29),
    (40, 'Energy Performance Compliance', now(), now(), 30),
    (41, 'Prescriptive Compliance: ASHRAE Advanced Energy Design Guide', now(), now(), 30),
    (42, 'Systems Optimization', now(), now(), 30),
    (43, 'Demand Response Program Available and Participation', now(), now(), 32),
    (44, 'Demand Response Capable Building', now(), now(), 32),
    (45, 'Load Flexibility and Management Strategies', now(), now(),32 ),
    (46, 'No Refrigerants or Low-Impact Refrigerants', now(), now(),34 ),
    (47, 'Calculation of Refrigerant Impact', now(), now(), 34),
    (48, 'Building and Material Reuse - Maintain Existing Structural Elements: Walls, Floors, Roofs, and Envelope', now(), now(), 36),
    (49, 'Building and Material Reuse - Maintain Interior Nonstructural Elements', now(), now(),36 ),
    (50, 'Whole-Building Life-Cycle Assessment', now(), now(), 36),
    (51, 'Environmental Product Declaration (EPD)', now(), now(), 37),
    (52, 'Embodied Carbon/LCA Optimization', now(), now(), 37),
    (53, 'Responsible  Sourcing of Raw Materials', now(), now(), 38),
    (54, 'Material Ingredient Reporting', now(), now(), 39),
    (55, 'Material Ingredient Optimization', now(), now(),39 ),
    (56, 'Diversion', now(), now(), 40),
    (57, 'Waste Prevention', now(), now(),40 ),
    (58, 'Mechanically Ventilated Spaces', now(), now(), 41),
    (59, 'Naturally Ventilated Spaces - ASHRAE prescriptive natural ventilation compliance path', now(), now(), 41),
    (60, 'Naturally Ventilated Spaces - ASHRAE Engineered natural ventilation system compliance path', now(), now(), 41),
    (61, 'Naturally Ventilated Spaces - Historic buildings using ASHRAE prescriptive natural ventilation path', now(), now(), 41),
    (62, 'No Smoking', now(), now(), 42),
    (63, 'Compartmentalization of Smoking Areas - Residential Only', now(), now(), 42),
    (64, 'Flush-Out - Before Occupancy', now(), now(), 46),
    (65, 'Flush-Out - During Occupancy', now(), now(), 46),
    (66, 'Air Testing - Particulate Matter and Inorganic Gases', now(), now(), 46),
    (67, 'Air Testing - Volatile Organic Compounds', now(), now(), 46),
    (68, 'Simulation: Spatial Daylight Autonomy and Annual Sunlight Exposure', now(), now(), 49),
    (69, 'Simulation: Illuminance Calculations', now(), now(), 49),
    (70, 'Measurement', now(), now(), 49),
    (71, 'Innovation', now(), now(), 52),
    (72, 'Pilot', now(), now(), 52),
    (73, 'Additional Strategies', now(), now(), 52),
    (74, 'Previously Developed Land', now(), now(), 57),
    (75, 'Avoidance of Sensitive Land', now(), now(), 57),
    (76, 'High Priority Site - Economically Disadvantaged Community Location', now(), now(), 58),
    (77, 'High Priority Site - Brownfield Remediation', now(), now(), 58),
    (78, 'Equitable Development - Equity & Community Benefits', now(), now(), 58),
    (79, 'Affordable Housing in Residential or Mixed-Use Projects', now(), now(), 58),
    (80, 'Surrounding Density', now(), now(), 59),
    (81, 'Diverse Uses', now(), now(), 59),
    (82, 'Walkable Location', now(), now(), 59),
    (83, 'Access to Public Transit Service', now(), now(), 60),
    (84, 'Access to Project sponsored Transit Service', now(), now(), 60),
    (85, 'Bicycle Network - Bicycle Storage and Shower Rooms', now(), now(), 61),
    (86, 'No Parking or Reduce Parking', now(), now(), 62),
    (87, 'Carshare', now(), now(), 62),
    (88, 'Unbundled Parking', now(), now(), 62),
    (89, 'Electric Vehicle Supply Equipment', now(), now(), 63),
    (90, 'Electric Vehicle Ready Infrastructure', now(), now(), 63),
    (91, 'Percentile of Rainfall Events', now(), now(), 68),
    (92, 'Natural Land Cover Condition', now(), now(), 68),
    (93, 'Nonroof and Roof', now(), now(), 69),
    (94, 'Parking Under Cover', now(), now(), 69),
    (95, 'Uplight BUG Rating Method', now(), now(), 70),
    (96, 'Uplight Calculation Method', now(), now(), 70),
    (97, 'Light Trespass BUG Rating', now(), now(), 70),
    (98, 'Light Trespass Calculation Method', now(), now(), 70),
    (99, 'No Irrigation Required', now(), now(), 71),
    (100, 'Reduced Irrigation', now(), now(), 71),
    (101, 'Prescriptive', now(), now(), 72),
    (102, 'Usage-based Calculation', now(), now(), 72),
    (103, 'Building Water Use', now(), now(), 73),
    (104, 'No Irrigation Required', now(), now(), 74),
    (105, 'Reduced Irrigation', now(), now(), 74),
    (106, 'Further reduce fixture and fitting water use', now(), now(), 75),
    (107, 'Cooling Tower and Evaporative Condenser Cycles of Concentration', now(), now(), 76),
    (108, 'Optimize Water Use for Cooling', now(), now(), 76),
    (109, 'Process Water Use', now(), now(), 76),
    (110, 'Enhanced Systems Commissioning - Enhanced Commissioning', now(), now(), 82),
    (111, 'Enhanced Systems Commissioning - Enhanced and Monitoring Based Commissioning', now(), now(), 82),
    (112, 'Building Enclosure', now(), now(), 82),
    (113, 'Energy Performance Compliance', now(), now(), 83),
    (114, 'Prescriptive Compliance: ASHRAE Advanced Energy Design Guide', now(), now(), 83),
    (115, 'Systems Optimization', now(), now(), 83),
    (116, 'Demand Response Program Available and Participation', now(), now(), 85),
    (117, 'Demand Response Capable Building', now(), now(), 85),
    (118, 'Load Flexibility and Management Strategies', now(), now(), 85),
    (119, 'No Refrigerants or Low-Impact Refrigerants', now(), now(), 87),
    (120, 'Calculation of Refrigerant Impact', now(), now(), 87),
    (121, 'Building and Material Reuse - Maintain Existing Structural Elements: Walls, Floors, Roofs, and Envelope', now(), now(), 89),
    (122, 'Building and Material Reuse - Maintain Interior Nonstructural Elements', now(), now(), 89),
    (123, 'Whole-Building Life-Cycle Assessment', now(), now(), 89),
    (124, 'Environmental Product Declaration (EPD)', now(), now(), 90),
    (125, 'Embodied Carbon/LCA Optimization', now(), now(), 90),
    (126, 'Responsible Sourcing of Raw Materials', now(), now(), 91),
    (127, 'Material Ingredient Reporting', now(), now(), 92),
    (128, 'Material Ingredient Optimization', now(), now(), 92),
    (129, 'Diversion', now(), now(), 93),
    (130, 'Waste Prevention', now(), now(), 93),
    (131, 'Mechanically Ventilated Spaces', now(), now(), 94),
    (132, 'Naturally Ventilated Spaces - ASHRAE prescriptive natural ventilation compliance path', now(), now(), 94),
    (133, 'Naturally Ventilated Spaces - ASHRAE Engineered natural ventilation system compliance path', now(), now(), 94),
    (134, 'Naturally Ventilated Spaces - Historic buildings using ASHRAE prescriptive natural ventilation path', now(), now(), 94),
    (135, 'No Smoking', now(), now(), 95),
    (136, 'Compartmentalization of Smoking Areas - Residential Only', now(), now(), 95),
    (141, 'Simulation: Spatial Daylight Autonomy and Annual Sunlight Exposure', now(), now(), 102),
    (142, 'Simulation: Illuminance Calculations', now(), now(), 102),
    (143, 'Measurement', now(), now(), 102),
    (144, 'Innovation', now(), now(), 105),
    (145, 'Pilot', now(), now(), 105),
    (146, 'Additional Strategies', now(), now(), 105),
    (147, 'Previously Developed Land', now(), now(), 111),
    (148, 'Avoidance of Sensitive Land', now(), now(), 111),
    (149, 'High Priority Site - Economically Disadvantaged Community Location', now(), now(), 112),
    (150, 'High Priority Site - Brownfield Remediation', now(), now(), 112),
    (151, 'Equitable Development - Equity & Community Benefits', now(), now(), 112),
    (152, 'Affordable Housing in Residential or Mixed-Use Projects', now(), now(), 112),
    (153, 'Surrounding Density', now(), now(), 113),
    (154, 'Diverse Uses', now(), now(), 113),
    (155, 'Walkable Location', now(), now(), 113),
    (158, 'Bicycle Network - Bicycle Storage and Shower Rooms', now(), now(), 115),
    (159, 'No Parking or Reduce Parking', now(), now(), 116),
    (160, 'Carshare', now(), now(), 116),
    (161, 'Unbundled Parking', now(), now(), 116),
    (162, 'Electric Vehicle Supply Equipment', now(), now(), 117),
    (163, 'Electric Vehicle Ready Infrastructure', now(), now(), 117),
    (164, 'Percentile of Rainfall Events', now(), now(), 122),
    (165, 'Natural Land Cover Condition', now(), now(), 122),
    (166, 'Nonroof and Roof', now(), now(), 123),
    (167, 'Parking Under Cover', now(), now(), 123),
    (168, 'Uplight BUG Rating Method', now(), now(), 124),
    (169, 'Uplight Calculation Method', now(), now(), 124),
    (170, 'Light Trespass BUG Rating', now(), now(), 124),
    (171, 'Light Trespass Calculation Method', now(), now(), 124),
    (172, 'No Irrigation Required', now(), now(), 125),
    (173, 'Reduced Irrigation', now(), now(), 125),
    (174, 'Prescriptive', now(), now(), 126),
    (175, 'Usage-based Calculation', now(), now(), 126),
    (176, 'Building Water Use', now(), now(), 127),
    (177, 'No Irrigation Required', now(), now(), 128),
    (178, 'Reduced Irrigation', now(), now(), 128),
    (179, 'Further reduce fixture and fitting water use', now(), now(), 129),
    (180, 'Cooling Tower and Evaporative Condenser Cycles of Concentration', now(), now(), 130),
    (181, 'Optimize Water Use for Cooling', now(), now(), 130),
    (182, 'Process Water Use', now(), now(), 130),
    (183, 'Enhanced Systems Commissioning - Enhanced Commissioning', now(), now(), 136),
    (184, 'Enhanced Systems Commissioning - Enhanced and Monitoring Based Commissioning', now(), now(), 136),
    (185, 'Building Enclosure', now(), now(), 136),
    (186, 'Energy Performance Compliance', now(), now(), 137),
    (187, 'Prescriptive Compliance: ASHRAE Advanced Energy Design Guide', now(), now(), 137),
    (188, 'Systems Optimization', now(), now(), 137),
    (189, 'Demand Response Program Available and Participation', now(), now(), 139),
    (190, 'Demand Response Capable Building', now(), now(), 139),
    (191, 'Load Flexibility and Management Strategies', now(), now(), 139),
    (192, 'No Refrigerants or Low-Impact Refrigerants', now(), now(), 141),
    (193, 'Calculation of Refrigerant Impact', now(), now(), 141),
    (194, 'Building and Material Reuse - Maintain Existing Structural Elements: Walls, Floors, Roofs, and Envelope', now(), now(), 143),
    (195, 'Building and Material Reuse - Maintain Interior Nonstructural Elements', now(), now(), 143),
    (196, 'Whole-Building Life-Cycle Assessment', now(), now(), 143),
    (197, 'Environmental Product Declaration (EPD)', now(), now(), 144),
    (198, 'Embodied Carbon/LCA Optimization', now(), now(), 144),
    (199, 'Responsible Sourcing of Raw Materials', now(), now(), 145),
    (200, 'Material Ingredient Reporting', now(), now(), 146),
    (201, 'Material Ingredient Optimization', now(), now(), 146),
    (202, 'Diversion', now(), now(), 147),
    (203, 'Waste Prevention', now(), now(), 147),
    (204, 'Mechanically Ventilated Spaces', now(), now(), 148),
    (205, 'Naturally Ventilated Spaces - ASHRAE prescriptive natural ventilation compliance path', now(), now(), 148),
    (206, 'Naturally Ventilated Spaces - ASHRAE Engineered natural ventilation system compliance path', now(), now(), 148),
    (207, 'Naturally Ventilated Spaces - Historic buildings using ASHRAE prescriptive natural ventilation path', now(), now(), 148),
    (208, 'No Smoking', now(), now(), 149),
    (210, 'Flush-Out - Before Occupancy', now(), now(), 153),
    (211, 'Flush-Out - During Occupancy', now(), now(), 153),
    (212, 'Air Testing - Particulate Matter and Inorganic Gases', now(), now(), 153),
    (213, 'Air Testing - Volatile Organic Compounds', now(), now(), 153),
    (214, 'Simulation: Spatial Daylight Autonomy and Annual Sunlight Exposure', now(), now(), 156),
    (215, 'Simulation: Illuminance Calculations', now(), now(), 156),
    (216, 'Measurement', now(), now(), 156),
    (217, 'Innovation', now(), now(), 158),
    (218, 'Pilot', now(), now(), 158),
    (219, 'Additional Strategies', now(), now(), 158),
    (220, 'Appliance and Process Water', now(), now(), 129),
    (221, 'Connected Site', now(), now(), 113),
    (222, 'Transit-Served Location', now(), now(), 114),
    (223, 'Pedestrian Access', now(), now(), 114),
    (224, 'Electric Buses or School Owned Vehicles', now(), now(), 117),
    (225, 'Make Building Space Open to the General Publi', now(), now(), 164),
    (226, 'Contract with Specific Organizations to Share', now(), now(), 164),
    (227, 'Use Shared Space Owned by other Organizations', now(), now(), 164),
    (228, 'Appliance and Process Water', now(), now(), 129),
    (229, 'Previously Developed Land', now(), now(), 168),
    (230, 'Avoidance of Sensitive Land', now(), now(), 168),
    (231, 'High Priority Site - Economically Disadvantaged Community Location', now(), now(), 169),
    (232, 'High Priority Site - Brownfield Remediation', now(), now(), 169),
    (233, 'Equitable Development - Equity & Community Benefits', now(), now(), 169),
    (234, 'Affordable Housing in Residential or Mixed-Use Projects', now(), now(), 169),
    (235, 'Surrounding Density', now(), now(), 170),
    (236, 'Diverse Uses', now(), now(), 170),
    (237, 'Walkable Location', now(), now(), 170),
    (238, 'Access to Public Transit Service', now(), now(), 171),
    (239, 'Access to Project sponsored Transit Service', now(), now(), 171),
    (240, 'Bicycle Network - Bicycle Storage and Shower Rooms', now(), now(), 172),
    (241, 'No Parking or Reduce Parking', now(), now(), 173),
    (242, 'Carshare', now(), now(), 173),
    (243, 'Unbundled Parking', now(), now(), 173),
    (244, 'Electric Vehicle Supply Equipment', now(), now(), 174),
    (245, 'Electric Vehicle Ready Infrastructure', now(), now(), 174),
    (246, 'Percentile of Rainfall Events', now(), now(), 179),
    (247, 'Natural Land Cover Condition', now(), now(), 179),
    (248, 'Nonroof and Roof', now(), now(), 180),
    (249, 'Parking Under Cover', now(), now(), 180),
    (250, 'Uplight BUG Rating Method', now(), now(), 181),
    (251, 'Uplight Calculation Method', now(), now(), 181),
    (252, 'Light Trespass BUG Rating', now(), now(), 181),
    (253, 'Light Trespass Calculation Method', now(), now(), 181),
    (254, 'No Irrigation Required', now(), now(), 182),
    (255, 'Reduced Irrigation', now(), now(), 182),
    (256, 'Prescriptive', now(), now(), 183),
    (257, 'Usage-based Calculation', now(), now(), 183),
    (258, 'Building Water Use', now(), now(), 184),
    (259, 'No Irrigation Required', now(), now(), 185),
    (260, 'Reduced Irrigation', now(), now(), 185),
    (261, 'Further reduce fixture and fitting water use', now(), now(), 186),
    (262, 'Cooling Tower and Evaporative Condenser Cycles of Concentration', now(), now(), 187),
    (263, 'Optimize Water Use for Cooling', now(), now(), 187),
    (264, 'Process Water Use', now(), now(), 187),
    (265, 'Enhanced Systems Commissioning - Enhanced Commissioning', now(), now(), 193),
    (266, 'Enhanced Systems Commissioning - Enhanced and Monitoring Based Commissioning', now(), now(), 193),
    (267, 'Building Enclosure', now(), now(), 193),
    (268, 'Energy Performance Compliance', now(), now(), 194),
    (269, 'Prescriptive Compliance: ASHRAE Advanced Energy Design Guide', now(), now(), 194),
    (270, 'Systems Optimization', now(), now(), 194),
    (271, 'Demand Response Program Available and Participation', now(), now(), 196),
    (272, 'Demand Response Capable Building', now(), now(), 196),
    (273, 'Load Flexibility and Management Strategies', now(), now(), 196),
    (274, 'No Refrigerants or Low-Impact Refrigerants', now(), now(), 198),
    (275, 'Calculation of Refrigerant Impact', now(), now(), 198),
    (276, 'Building and Material Reuse - Maintain Existing Structural Elements: Walls, Floors, Roofs, and Envelope', now(), now(), 200),
    (277, 'Building and Material Reuse - Maintain Interior Nonstructural Elements', now(), now(), 200),
    (278, 'Whole-Building Life-Cycle Assessment', now(), now(), 200),
    (279, 'Environmental Product Declaration (EPD)', now(), now(), 201),
    (280, 'Embodied Carbon/LCA Optimization', now(), now(), 201),
    (281, 'Responsible Sourcing of Raw Materials', now(), now(), 202),
    (282, 'Material Ingredient Reporting', now(), now(), 203),
    (283, 'Material Ingredient Optimization', now(), now(), 203),
    (284, 'Diversion', now(), now(), 204),
    (285, 'Waste Prevention', now(), now(), 204),
    (286, 'Mechanically Ventilated Spaces', now(), now(), 205),
    (287, 'Naturally Ventilated Spaces - ASHRAE prescriptive natural ventilation compliance path', now(), now(), 205),
    (288, 'Naturally Ventilated Spaces - ASHRAE Engineered natural ventilation system compliance path', now(), now(), 205),
    (289, 'Naturally Ventilated Spaces - Historic buildings using ASHRAE prescriptive natural ventilation path', now(), now(), 205),
    (290, 'No Smoking', now(), now(), 206),
    (291, 'Compartmentalization of Smoking Areas - Residential Only', now(), now(), 206),
    (292, 'Flush-Out - Before Occupancy', now(), now(), 210),
    (293, 'Flush-Out - During Occupancy', now(), now(), 210),
    (294, 'Air Testing - Particulate Matter and Inorganic Gases', now(), now(), 210),
    (295, 'Air Testing - Volatile Organic Compounds', now(), now(), 210),
    (296, 'Simulation: Spatial Daylight Autonomy and Annual Sunlight Exposure', now(), now(), 213),
    (297, 'Simulation: Illuminance Calculations', now(), now(), 213),
    (298, 'Measurement', now(), now(), 213),
    (299, 'Innovation', now(), now(), 215),
    (300, 'Pilot', now(), now(), 215),
    (301, 'Additional Strategies', now(), now(), 215),
    (302, 'Appliance and Process Water', now(), now(), 186),
    (303, 'Previously Developed Land', now(), now(), 220),
    (304, 'Avoidance of Sensitive Land', now(), now(), 220),
    (305, 'High Priority Site - Economically Disadvantaged Community Location', now(), now(), 221),
    (306, 'High Priority Site - Brownfield Remediation', now(), now(), 221),
    (307, 'Equitable Development - Equity & Community Benefits', now(), now(), 221),
    (308, 'Affordable Housing in Residential or Mixed-Use Projects', now(), now(), 221),
    (309, 'Surrounding Density', now(), now(), 222),
    (310, 'Diverse Uses', now(), now(), 222),
    (311, 'Walkable Location', now(), now(), 222),
    (312, 'Access to Public Transit Service', now(), now(), 223),
    (314, 'Bicycle Network - Bicycle Storage and Shower Rooms', now(), now(), 224),
    (315, 'No Parking or Reduce Parking', now(), now(), 225),
    (316, 'Carshare', now(), now(), 225),
    (317, 'Unbundled Parking', now(), now(), 225),
    (318, 'Electric Vehicle Supply Equipment', now(), now(), 226),
    (319, 'Electric Vehicle Ready Infrastructure', now(), now(), 226),
    (320, 'Percentile of Rainfall Events', now(), now(), 231),
    (321, 'Natural Land Cover Condition', now(), now(), 231),
    (322, 'Nonroof and Roof', now(), now(), 232),
    (323, 'Parking Under Cover', now(), now(), 232),
    (324, 'Uplight BUG Rating Method', now(), now(), 233),
    (325, 'Uplight Calculation Method', now(), now(), 233),
    (326, 'Light Trespass BUG Rating', now(), now(), 233),
    (327, 'Light Trespass Calculation Method', now(), now(), 233),
    (328, 'No Irrigation Required', now(), now(), 234),
    (329, 'Reduced Irrigation', now(), now(), 234),
    (330, 'Prescriptive', now(), now(), 235),
    (331, 'Usage-based Calculation', now(), now(), 235),
    (332, 'Building Water Use', now(), now(), 236),
    (333, 'No Irrigation Required', now(), now(), 237),
    (334, 'Reduced Irrigation', now(), now(), 237),
    (335, 'Further reduce fixture and fitting water use', now(), now(), 238),
    (336, 'Cooling Tower and Evaporative Condenser Cycles of Concentration', now(), now(), 239),
    (337, 'Optimize Water Use for Cooling', now(), now(), 239),
    (338, 'Process Water Use', now(), now(), 239),
    (339, 'Enhanced Systems Commissioning - Enhanced Commissioning', now(), now(), 245),
    (340, 'Enhanced Systems Commissioning - Enhanced and Monitoring Based Commissioning', now(), now(), 245),
    (341, 'Building Enclosure', now(), now(), 245),
    (342, 'Energy Performance Compliance', now(), now(), 246),
    (343, 'Prescriptive Compliance: ASHRAE Advanced Energy Design Guide', now(), now(), 246),
    (344, 'Systems Optimization', now(), now(), 246),
    (345, 'Demand Response Program Available and Participation', now(), now(), 248),
    (346, 'Demand Response Capable Building', now(), now(), 248),
    (347, 'Load Flexibility and Management Strategies', now(), now(), 248),
    (348, 'No Refrigerants or Low-Impact Refrigerants', now(), now(), 250),
    (349, 'Calculation of Refrigerant Impact', now(), now(), 250),
    (350, 'Building and Material Reuse - Maintain Existing Structural Elements: Walls, Floors, Roofs, and Envelope', now(), now(), 252),
    (351, 'Building and Material Reuse - Maintain Interior Nonstructural Elements', now(), now(), 252),
    (352, 'Whole-Building Life-Cycle Assessment', now(), now(), 252),
    (353, 'Environmental Product Declaration (EPD)', now(), now(), 253),
    (354, 'Embodied Carbon/LCA Optimization', now(), now(), 253),
    (355, 'Responsible Sourcing of Raw Materials', now(), now(), 254),
    (356, 'Material Ingredient Reporting', now(), now(), 255),
    (357, 'Material Ingredient Optimization', now(), now(), 255),
    (358, 'Diversion', now(), now(), 256),
    (359, 'Waste Prevention', now(), now(), 256),
    (360, 'Mechanically Ventilated Spaces', now(), now(), 257),
    (361, 'Naturally Ventilated Spaces - ASHRAE prescriptive natural ventilation compliance path', now(), now(), 257),
    (362, 'Naturally Ventilated Spaces - ASHRAE Engineered natural ventilation system compliance path', now(), now(), 257),
    (363, 'Naturally Ventilated Spaces - Historic buildings using ASHRAE prescriptive natural ventilation path', now(), now(), 257),
    (364, 'No Smoking', now(), now(), 258),
    (365, 'Compartmentalization of Smoking Areas - Residential Only', now(), now(), 258),
    (366, 'Flush-Out - Before Occupancy', now(), now(), 262),
    (367, 'Flush-Out - During Occupancy', now(), now(), 262),
    (368, 'Air Testing - Particulate Matter and Inorganic Gases', now(), now(), 262),
    (369, 'Air Testing - Volatile Organic Compounds', now(), now(), 262),
    (370, 'Simulation: Spatial Daylight Autonomy and Annual Sunlight Exposure', now(), now(), 265),
    (371, 'Simulation: Illuminance Calculations', now(), now(), 265),
    (372, 'Measurement', now(), now(), 265),
    (373, 'Innovation', now(), now(), 267),
    (374, 'Pilot', now(), now(), 267),
    (375, 'Additional Strategies', now(), now(), 267),
    (376, 'Appliance and Process Water', now(), now(), 238),
    (377, 'Previously Developed Land', now(), now(), 278),
    (378, 'Avoidance of Sensitive Land', now(), now(), 278),
    (379, 'High Priority Site - Economically Disadvantaged Community Location', now(), now(), 279),
    (380, 'High Priority Site - Brownfield Remediation', now(), now(), 279),
    (381, 'Equitable Development - Equity & Community Benefits', now(), now(), 279),
    (382, 'Affordable Housing in Residential or Mixed-Use Projects', now(), now(), 279),
    (383, 'Development and Adjacency', now(), now(), 280),
    (384, 'Transportation Resources', now(), now(), 280),
    (385, 'Walkable Location', now(), now(), 280),
    (386, 'Access to Public Transit Service', now(), now(), 281),
    (387, 'Access to Project sponsored Transit Service', now(), now(), 281),
    (388, 'Bicycle Network - Bicycle Storage and Shower Rooms', now(), now(), 282),
    (389, 'No Parking or Reduce Parking', now(), now(), 283),
    (390, 'Carshare', now(), now(), 283),
    (391, 'Unbundled Parking', now(), now(), 283),
    (392, 'Electric Vehicle Charging', now(), now(), 284),
    (393, 'Reduce Truck Idling', now(), now(), 284),
    (394, 'Percentile of Rainfall Events', now(), now(), 289),
    (395, 'Natural Land Cover Condition', now(), now(), 289),
    (396, 'Nonroof and Roof', now(), now(), 290),
    (397, 'Parking Under Cover', now(), now(), 290),
    (398, 'Uplight BUG Rating Method', now(), now(), 291),
    (399, 'Uplight Calculation Method', now(), now(), 291),
    (400, 'Light Trespass BUG Rating', now(), now(), 291),
    (401, 'Light Trespass Calculation Method', now(), now(), 291),
    (402, 'No Irrigation Required', now(), now(), 292),
    (403, 'Reduced Irrigation', now(), now(), 292),
    (404, 'Prescriptive', now(), now(), 293),
    (405, 'Usage-based Calculation', now(), now(), 293),
    (406, 'Building Water Use', now(), now(), 294),
    (407, 'No Irrigation Required', now(), now(), 295),
    (408, 'Reduced Irrigation', now(), now(), 295),
    (409, 'Further reduce fixture and fitting water use', now(), now(), 296),
    (410, 'Cooling Tower and Evaporative Condenser Cycles of Concentration', now(), now(), 297),
    (411, 'Optimize Water Use for Cooling', now(), now(), 297),
    (412, 'Process Water Use', now(), now(), 297),
    (413, 'Enhanced Systems Commissioning - Enhanced Commissioning', now(), now(), 303),
    (414, 'Enhanced Systems Commissioning - Enhanced and Monitoring Based Commissioning', now(), now(), 303),
    (415, 'Building Enclosure', now(), now(), 303),
    (416, 'Energy Performance Compliance', now(), now(), 304),
    (417, 'Prescriptive Compliance: ASHRAE Advanced Energy Design Guide', now(), now(), 304),
    (418, 'Systems Optimization', now(), now(), 304),
    (419, 'Demand Response Program Available and Participation', now(), now(), 306),
    (420, 'Demand Response Capable Building', now(), now(), 306),
    (421, 'Load Flexibility and Management Strategies', now(), now(), 306),
    (422, 'No Refrigerants or Low-Impact Refrigerants', now(), now(), 308),
    (423, 'Calculation of Refrigerant Impact', now(), now(), 308),
    (424, 'Building and Material Reuse - Maintain Existing Structural Elements: Walls, Floors, Roofs, and Envelope', now(), now(), 310),
    (425, 'Building and Material Reuse - Maintain Interior Nonstructural Elements', now(), now(), 310),
    (426, 'Whole-Building Life-Cycle Assessment', now(), now(), 310),
    (427, 'Environmental Product Declaration (EPD)', now(), now(), 311),
    (428, 'Embodied Carbon/LCA Optimization', now(), now(), 311),
    (429, 'Responsible Sourcing of Raw Materials', now(), now(), 312),
    (430, 'Material Ingredient Reporting', now(), now(), 313),
    (431, 'Material Ingredient Optimization', now(), now(), 313),
    (432, 'Diversion', now(), now(), 314),
    (433, 'Waste Prevention', now(), now(), 314),
    (434, 'Mechanically Ventilated Spaces', now(), now(), 315),
    (435, 'Naturally Ventilated Spaces - ASHRAE prescriptive natural ventilation compliance path', now(), now(), 315),
    (436, 'Naturally Ventilated Spaces - ASHRAE Engineered natural ventilation system compliance path', now(), now(), 315),
    (437, 'Naturally Ventilated Spaces - Historic buildings using ASHRAE prescriptive natural ventilation path', now(), now(), 315),
    (438, 'No Smoking', now(), now(), 316),
    (439, 'Compartmentalization of Smoking Areas - Residential Only', now(), now(), 316),
    (440, 'Flush-Out - Before Occupancy', now(), now(), 320),
    (441, 'Flush-Out - During Occupancy', now(), now(), 320),
    (442, 'Air Testing - Particulate Matter and Inorganic Gases', now(), now(), 320),
    (443, 'Air Testing - Volatile Organic Compounds', now(), now(), 320),
    (444, 'Simulation: Spatial Daylight Autonomy and Annual Sunlight Exposure', now(), now(), 323),
    (445, 'Simulation: Illuminance Calculations', now(), now(), 323),
    (446, 'Measurement', now(), now(), 323),
    (447, 'Innovation', now(), now(), 325),
    (448, 'Pilot', now(), now(), 325),
    (449, 'Additional Strategies', now(), now(), 325),
    (450, 'Appliance and Process Water', now(), now(), 296),
    (451, 'Integrative Process', now(), now(), 1),
    (452, 'LEED for Neighborhood Development Location', now(), now(),2 ),
    (453, 'Construction Activity Pollution Prevention (Prerequisite)', now(), now(), 10),
    (454, 'Site Assessment', now(), now(), 11),
    (455, 'Protect or Restore Habitat', now(), now(),12 ),
    (456, 'Open Space', now(), now(), 13),
    (457, 'Water Metering', now(), now(),24 ),
    (458, 'Fundamental Commissioning and Verification (Prerequisite)', now(), now(), 25),
    (459, 'Minimum Energy Performance (Prerequisite)', now(), now(), 26),
    (460, 'Building-Level Energy Metering (Prerequisite)', now(), now(), 27),
    (461, 'Fundamental Refrigerant Management (Prerequisite)', now(), now(), 28),
    (462, 'Advanced Energy Metering', now(), now(), 31),
    (463, 'Renewable Energy', now(), now(), 33),
    (464, 'Storage and Collection of Recyclables (Prerequisite)', now(), now(), 35),
    (465, 'Enhanced Indoor Air Quality Strategies', now(), now(), 43),
    (466, 'Low-Emitting Materials', now(), now(), 44),
    (467, 'Construction Indoor Air Quality Management Plan', now(), now(), 45),
    (468, 'Thermal Comfort', now(), now(),47 ),
    (469, 'Interior Lighting', now(), now(), 48),
    (470, 'Quality Views', now(), now(),50 ),
    (471, 'Acoustic Performance', now(), now(),51 ),
    (472, 'LEED Accredited Professional', now(), now(),53 ),
    (473, 'Regional Priority', now(), now(), 54),
    (474, 'Integrative Process', now(), now(), 55),
    (475, 'LEED for Neighborhood Development Location', now(), now(), 56),
    (476, 'Construction Activity Pollution Prevention (Prerequisite)', now(), now(),64 ),
    (477, 'Site Assessment', now(), now(), 65),
    (478, 'Protect or Restore Habitat', now(), now(), 66),
    (479, 'Open Space', now(), now(), 67),
    (480, 'Tenant Design and Construction Guidelines', now(), now(),108),
    (481, 'Water Metering', now(), now(),77 ),
    (482, 'Fundamental Commissioning and Verification (Prerequisite)', now(), now(), 78),
    (483, 'Minimum Energy Performance (Prerequisite)', now(), now(),79 ),
    (484, 'Building-Level Energy Metering (Prerequisite)', now(), now(),80 ),
    (485, 'Fundamental Refrigerant Management (Prerequisite)', now(), now(),81 ),
    (486, 'Advanced Energy Metering', now(), now(), 84),
    (487, 'Renewable Energy', now(), now(),86 ),
    (488, 'Storage and Collection of Recyclables (Prerequisite)', now(), now(), 88),
    (489, 'Enhanced Indoor Air Quality Strategies', now(), now(), 96),
    (490, 'Low-Emitting Materials', now(), now(), 97),
    (491, 'Construction Indoor Air Quality Management Plan', now(), now(), 98),
    (492, 'Quality Views', now(), now(), 103),
    (493, 'LEED Accredited Professional', now(), now(),106 ),
    (494, 'Regional Priority', now(), now(), 107),
    (495, 'Integrative Process', now(), now(),109 ),
    (496, 'LEED for Neighborhood Development Location', now(), now(),110 ),
    (497, 'Construction Activity Pollution Prevention (Prerequisite)', now(), now(),118 ),
    (498, 'Environmental Site Assessment (Prerequisite)', now(), now(), 162),
    (499, 'Site Assessment', now(), now(),119 ),
    (500, 'Protect or Restore Habitat', now(), now(),120 ),
    (501, 'Open Space', now(), now(),121 ),
    (502, 'Site Master Plan', now(), now(),163 ),
    (503, 'Water Metering', now(), now(), 131),
    (504, 'Fundamental Commissioning and Verification (Prerequisite)', now(), now(),132 ),
    (505, 'Minimum Energy Performance (Prerequisite)', now(), now(), 133),
    (506, 'Building-Level Energy Metering (Prerequisite)', now(), now(), 134),
    (507, 'Fundamental Refrigerant Management (Prerequisite)', now(), now(), 135),
    (508, 'Advanced Energy Metering', now(), now(),138 ),
    (509, 'Renewable Energy', now(), now(), 140),
    (510, 'Storage and Collection of Recyclables (Prerequisite)', now(), now(),142 ),
    (511, 'Minimum Acoustic Performance (Prerequisite)', now(), now(), 165),
    (512, 'Enhanced Indoor Air Quality Strategies', now(), now(),150 ),
    (513, 'Low-Emitting Materials', now(), now(), 151),
    (514, 'Construction Indoor Air Quality Management Plan', now(), now(), 152),
    (515, 'Thermal Comfort', now(), now(), 154),
    (516, 'Interior Lighting', now(), now(),155 ),
    (517, 'Quality Views', now(), now(), 157),
    (518, 'Acoustic Performance', now(), now(),335 ),
    (519, 'LEED Accredited Professional', now(), now(),159 ),
    (520, 'Regional Priority', now(), now(),160 ),
    (521, 'Integrative Process', now(), now(), 166),
    (522, 'LEED for Neighborhood Development Location', now(), now(),167 ),
    (523, 'Construction Activity Pollution Prevention (Prerequisite)', now(), now(),175 ),
    (524, 'Site Assessment', now(), now(), 176),
    (525, 'Protect or Restore Habitat', now(), now(), 177),
    (526, 'Open Space', now(), now(), 178),
    (527, 'Water Metering', now(), now(),188 ),
    (528, 'Fundamental Commissioning and Verification (Prerequisite)', now(), now(), 189),
    (529, 'Minimum Energy Performance (Prerequisite)', now(), now(), 190),
    (530, 'Building-Level Energy Metering (Prerequisite)', now(), now(), 191),
    (531, 'Fundamental Refrigerant Management (Prerequisite)', now(), now(), 192),
    (532, 'Advanced Energy Metering', now(), now(),195 ),
    (533, 'Renewable Energy', now(), now(), 197),
    (534, 'Storage and Collection of Recyclables (Prerequisite)', now(), now(),199 ),
    (535, 'Enhanced Indoor Air Quality Strategies', now(), now(),207 ),
    (536, 'Low-Emitting Materials', now(), now(),208 ),
    (537, 'Construction Indoor Air Quality Management Plan', now(), now(),209 ),
    (538, 'Thermal Comfort', now(), now(),211 ),
    (539, 'Interior Lighting', now(), now(),212 ),
    (540, 'Quality Views', now(), now(), 214),
    (541, 'LEED Accredited Professional', now(), now(),216 ),
    (542, 'Regional Priority', now(), now(), 217),
    (543, 'Integrative Process', now(), now(),218 ),
    (544, 'LEED for Neighborhood Development Location', now(), now(),219 ),
    (545, 'Construction Activity Pollution Prevention (Prerequisite)', now(), now(), 227),
    (546, 'Environmental Site Assessment (Prerequisite)', now(), now(),270 ),
    (547, 'Site Assessment', now(), now(), 228),
    (548, 'Protect or Restore Habitat', now(), now(),229 ),
    (549, 'Open Space', now(), now(),230 ),
    (550, 'Water Metering', now(), now(), 240),
    (551, 'Fundamental Commissioning and Verification (Prerequisite)', now(), now(),241 ),
    (552, 'Minimum Energy Performance (Prerequisite)', now(), now(), 242),
    (553, 'Building-Level Energy Metering (Prerequisite)', now(), now(), 243),
    (554, 'Fundamental Refrigerant Management (Prerequisite)', now(), now(),244 ),
    (555, 'Advanced Energy Metering', now(), now(), 247),
    (556, 'Renewable Energy', now(), now(), 249),
    (557, 'Storage and Collection of Recyclables (Prerequisite)', now(), now(), 251),
    (558, 'PBT Source Reduction - Mercury (Prerequisite)', now(), now(), 271),
    (559, 'PBT Source Reduction - Mercury', now(), now(), 272),
    (560, 'PBT Source Reduction - Lead, Cadmium, and Copper', now(), now(),273 ),
    (561, 'Furniture and Medical Furnishings', now(), now(),274 ),
    (562, 'Design for Flexibility', now(), now(), 275),
    (563, 'Enhanced Indoor Air Quality Strategies', now(), now(), 259),
    (564, 'Low-Emitting Materials', now(), now(), 260),
    (565, 'Construction Indoor Air Quality Management Plan', now(), now(),261 ),
    (566, 'Thermal Comfort', now(), now(),263 ),
    (567, 'Interior Lighting', now(), now(), 264),
    (568, 'Quality Views', now(), now(),266 ),
    (569, 'Acoustic Performance', now(), now(), 337),
    (570, 'LEED Accredited Professiona', now(), now(),268),
    (593, 'Regional Priority', now(), now(),269),
    (571, 'Integrative Process', now(), now(), 336),
    (572, 'LEED for Neighborhood Development Location', now(), now(),277 ),
    (573, 'Construction Activity Pollution Prevention (Prerequisite)', now(), now(), 285),
    (574, 'Site Assessment', now(), now(), 286),
    (575, 'Protect or Restore Habitat', now(), now(), 287),
    (576, 'Open Space', now(), now(), 288),
    (577, 'Water Metering', now(), now(),298 ),
    (578, 'Fundamental Commissioning and Verification (Prerequisite)', now(), now(), 299),
    (579, 'Minimum Energy Performance (Prerequisite)', now(), now(), 300),
    (580, 'Building-Level Energy Metering (Prerequisite)', now(), now(),301),
    (581, 'Fundamental Refrigerant Management (Prerequisite)', now(), now(), 302),
    (582, 'Advanced Energy Metering', now(), now(),305 ),
    (583, 'Renewable Energy', now(), now(), 307),
    (584, 'Storage and Collection of Recyclables (Prerequisite)', now(), now(), 309),
    (585, 'Enhanced Indoor Air Quality Strategies', now(), now(), 317),
    (586, 'Low-Emitting Materials', now(), now(), 318),
    (587, 'Construction Indoor Air Quality Management Plan', now(), now(),319 ),
    (588, 'Thermal Comfort', now(), now(),321 ),
    (589, 'Interior Lighting', now(), now(),322 ),
    (590, 'Quality Views', now(), now(),324 ),
    (591, 'Acoustic Performance', now(), now(),334 ),
    (592, 'LEED Accredited Professional', now(), now(),326 ),
    (594, 'Regional Priority', now(), now(),327);

 

    











